candidate_id,tier,selectable,run_id,arch_id,act,depth,dw_k,resolution,params_m,gflops,map5095,ap50,delta_vs_control
hardswish_dfull_k3_s320,budget,True,hardswish_dfull_k3,hardswish_dfull_k3,hardswish,full,3,320,0.91,0.66,20.5,34.5,-0.9
silu_dfull_k3_s320,budget,True,silu_dfull_k3,silu_dfull_k3,silu,full,3,320,0.91,0.66,21.4,35.3,0.0
silu_dfull_k5_s320,budget,True,silu_dfull_k5,silu_dfull_k5,silu,full,5,320,0.94,0.7,21.6,35.5,0.2
silu_dreduced_k5_s320,budget,True,silu_dreduced_k5,silu_dreduced_k5,silu,reduced,5,320,0.93,0.68,20.7,34.2,-0.7
hardswish_dfull_k5_s416,budget,True,hardswish_dfull_k5,hardswish_dfull_k5,hardswish,full,5,416,0.94,1.18,23.5,38.7,-1.0
silu_dfull_k3_s416,budget,True,silu_dfull_k3,silu_dfull_k3,silu,full,3,416,0.91,1.11,24.5,39.8,0.0
silu_dfull_k5_s416,budget,True,silu_dfull_k5,silu_dfull_k5,silu,full,5,416,0.94,1.18,24.9,40.2,0.4
silu_dreduced_k5_s416,budget,True,silu_dreduced_k5,silu_dreduced_k5,silu,reduced,5,416,0.93,1.15,23.5,38.4,-1.0
hardswish_dfull_k3_s512,budget,True,hardswish_dfull_k3,hardswish_dfull_k3,hardswish,full,3,512,0.91,1.69,24.7,40.9,-1.0
hardswish_dfull_k5_s512,budget,True,hardswish_dfull_k5,hardswish_dfull_k5,hardswish,full,5,512,0.94,1.79,25.0,41.1,-0.7
silu_dfull_k3_s512,budget,True,silu_dfull_k3,silu_dfull_k3,silu,full,3,512,0.91,1.69,25.7,41.8,0.0
silu_dfull_k5_s512,budget,True,silu_dfull_k5,silu_dfull_k5,silu,full,5,512,0.94,1.79,26.2,42.4,0.5
silu_dreduced_k5_s512,budget,True,silu_dreduced_k5,silu_dreduced_k5,silu,reduced,5,512,0.93,1.74,24.7,40.4,-1.0
hardswish_dfull_k5_s320,noise_margin,False,hardswish_dfull_k5,hardswish_dfull_k5,hardswish,full,5,320,0.94,0.7,20.3,33.9,-1.1
silu_dreduced_k3_s320,noise_margin,False,silu_dreduced_k3,silu_dreduced_k3,silu,reduced,3,320,0.9,0.64,20.3,33.6,-1.1
hardswish_dfull_k3_s416,noise_margin,False,hardswish_dfull_k3,hardswish_dfull_k3,hardswish,full,3,416,0.91,1.11,23.3,38.7,-1.2
relu_dfull_k5_s320,reference,False,relu_dfull_k5,relu_dfull_k5,relu,full,5,320,0.94,0.7,17.1,29.4,-4.3
relu_dfull_k5_s416,reference,False,relu_dfull_k5,relu_dfull_k5,relu,full,5,416,0.94,1.18,19.6,33.4,-4.9
relu_dfull_k5_s512,reference,False,relu_dfull_k5,relu_dfull_k5,relu,full,5,512,0.94,1.79,21.3,36.1,-4.4
