candidate_id,run_id,arch_id,is_control,repeat,act,depth,dw_k,resolution,params_m,gflops,map5095,ap50,ap_small,ap_medium,ap_large,gpu_forward_ms,gpu_nms_ms,eval_s,train_s,train_attempts,cu_train,cu_eval,repo_commit,trained_utc,evaluated_utc,delta_vs_control,in_budget
silu_dreduced_k3_s320,silu_dreduced_k3,silu_dreduced_k3,False,1,silu,reduced,3,320,0.9,0.64,20.3,33.6,4.7,19.7,35.8,0.88,0.83,71.6,918.2,1,0.1309,0.0306,51cacab,2026-10-06T23:48:58+00:00,2026-10-07T06:34:00+00:00,-1.1,False
relu_dreduced_k3_s320,relu_dreduced_k3,relu_dreduced_k3,False,1,relu,reduced,3,320,0.9,0.64,15.4,27.3,3.4,14.2,28.1,0.84,0.84,79.1,921.5,1,0.1314,0.0338,51cacab,2026-10-07T00:50:28+00:00,2026-10-07T06:51:16+00:00,-6.0,False
hardswish_dreduced_k3_s320,hardswish_dreduced_k3,hardswish_dreduced_k3,False,1,hardswish,reduced,3,320,0.9,0.64,18.9,31.8,4.2,18.1,34.1,0.85,0.86,71.9,946.6,1,0.135,0.0308,51cacab,2026-10-07T01:52:37+00:00,2026-10-07T07:08:19+00:00,-2.5,False
silu_dfull_k3_s320,silu_dfull_k3,silu_dfull_k3,True,1,silu,full,3,320,0.91,0.66,21.4,35.3,4.9,20.8,37.8,1.64,0.85,95.4,940.0,1,0.134,0.0408,51cacab,2026-10-06T23:05:11+00:00,2026-10-07T06:27:14+00:00,0.0,True
relu_dfull_k3_s320,relu_dfull_k3,relu_dfull_k3,False,1,relu,full,3,320,0.91,0.66,16.5,28.7,3.5,15.9,29.6,0.85,0.85,77.3,928.1,1,0.1323,0.0331,51cacab,2026-10-07T00:19:53+00:00,2026-10-07T06:42:29+00:00,-4.9,False
hardswish_dfull_k3_s320,hardswish_dfull_k3,hardswish_dfull_k3,False,1,hardswish,full,3,320,0.91,0.66,20.5,34.5,4.7,19.8,37.0,0.83,0.81,71.2,936.1,1,0.1335,0.0305,51cacab,2026-10-07T01:21:14+00:00,2026-10-07T07:00:08+00:00,-0.9,True
silu_dreduced_k5_s320,silu_dreduced_k5,silu_dreduced_k5,False,1,silu,reduced,5,320,0.93,0.68,20.7,34.2,4.7,19.8,36.7,0.89,0.85,74.4,926.2,1,0.1321,0.0318,51cacab,2026-10-07T00:04:25+00:00,2026-10-07T06:38:11+00:00,-0.7,True
relu_dreduced_k5_s320,relu_dreduced_k5,relu_dreduced_k5,False,1,relu,reduced,5,320,0.93,0.68,15.7,27.3,2.9,14.1,28.9,0.86,0.84,77.8,910.3,1,0.1298,0.0333,51cacab,2026-10-07T01:05:38+00:00,2026-10-07T06:55:47+00:00,-5.7,False
hardswish_dreduced_k5_s320,hardswish_dreduced_k5,hardswish_dreduced_k5,False,1,hardswish,reduced,5,320,0.93,0.68,19.4,32.7,4.3,18.4,35.5,0.92,0.82,72.3,923.8,1,0.1317,0.0309,51cacab,2026-10-07T02:08:01+00:00,2026-10-07T07:12:28+00:00,-2.0,False
silu_dfull_k5_s320,silu_dfull_k5,silu_dfull_k5,False,1,silu,full,5,320,0.94,0.7,21.6,35.5,5.0,21.0,38.4,0.86,0.85,70.2,919.3,1,0.1311,0.03,51cacab,2026-10-06T23:33:40+00:00,2026-10-07T06:29:57+00:00,0.2,True
relu_dfull_k5_s320,relu_dfull_k5,relu_dfull_k5,False,1,relu,full,5,320,0.94,0.7,17.1,29.4,3.1,15.9,31.7,0.92,0.84,74.4,912.8,1,0.1302,0.0318,51cacab,2026-10-07T00:35:06+00:00,2026-10-07T06:46:52+00:00,-4.3,False
hardswish_dfull_k5_s320,hardswish_dfull_k5,hardswish_dfull_k5,False,1,hardswish,full,5,320,0.94,0.7,20.3,33.9,4.6,19.5,36.9,0.96,0.82,70.0,936.2,1,0.1335,0.0299,51cacab,2026-10-07T01:36:51+00:00,2026-10-07T07:04:15+00:00,-1.1,False
silu_dreduced_k3_s416,silu_dreduced_k3,silu_dreduced_k3,False,1,silu,reduced,3,416,0.9,1.09,23.0,38.0,7.2,24.1,36.4,1.31,0.87,82.2,918.2,1,0.1309,0.0352,51cacab,2026-10-06T23:48:58+00:00,2026-10-07T06:35:22+00:00,-1.5,False
relu_dreduced_k3_s416,relu_dreduced_k3,relu_dreduced_k3,False,1,relu,reduced,3,416,0.9,1.09,17.7,31.0,5.0,17.8,29.3,1.3,0.89,90.0,921.5,1,0.1314,0.0385,51cacab,2026-10-07T00:50:28+00:00,2026-10-07T06:52:46+00:00,-6.8,False
hardswish_dreduced_k3_s416,hardswish_dreduced_k3,hardswish_dreduced_k3,False,1,hardswish,reduced,3,416,0.9,1.09,21.5,36.1,6.6,22.5,34.3,1.29,0.85,81.4,946.6,1,0.135,0.0348,51cacab,2026-10-07T01:52:37+00:00,2026-10-07T07:09:41+00:00,-3.0,False
silu_dfull_k3_s416,silu_dfull_k3,silu_dfull_k3,True,1,silu,full,3,416,0.91,1.11,24.5,39.8,7.7,25.7,38.8,1.37,0.87,80.4,940.0,1,0.134,0.0344,51cacab,2026-10-06T23:05:11+00:00,2026-10-06T23:06:32+00:00,0.0,True
relu_dfull_k3_s416,relu_dfull_k3,relu_dfull_k3,False,1,relu,full,3,416,0.91,1.11,19.0,32.7,5.5,19.2,30.9,1.32,0.85,88.7,928.1,1,0.1323,0.0379,51cacab,2026-10-07T00:19:53+00:00,2026-10-07T06:43:58+00:00,-5.5,False
hardswish_dfull_k3_s416,hardswish_dfull_k3,hardswish_dfull_k3,False,1,hardswish,full,3,416,0.91,1.11,23.3,38.7,8.0,24.3,37.4,1.36,0.86,82.1,936.1,1,0.1335,0.0351,51cacab,2026-10-07T01:21:14+00:00,2026-10-07T07:01:30+00:00,-1.2,False
silu_dreduced_k5_s416,silu_dreduced_k5,silu_dreduced_k5,False,1,silu,reduced,5,416,0.93,1.15,23.5,38.4,7.4,24.4,37.5,1.33,0.87,83.9,926.2,1,0.1321,0.0359,51cacab,2026-10-07T00:04:25+00:00,2026-10-07T06:39:35+00:00,-1.0,True
relu_dreduced_k5_s416,relu_dreduced_k5,relu_dreduced_k5,False,1,relu,reduced,5,416,0.93,1.15,18.2,31.6,4.8,17.8,30.4,1.38,0.87,88.9,910.3,1,0.1298,0.038,51cacab,2026-10-07T01:05:38+00:00,2026-10-07T06:57:16+00:00,-6.3,False
hardswish_dreduced_k5_s416,hardswish_dreduced_k5,hardswish_dreduced_k5,False,1,hardswish,reduced,5,416,0.93,1.15,22.4,37.1,6.5,22.9,36.3,1.37,0.86,82.8,923.8,1,0.1317,0.0354,51cacab,2026-10-07T02:08:01+00:00,2026-10-07T07:13:51+00:00,-2.1,False
silu_dfull_k5_s416,silu_dfull_k5,silu_dfull_k5,False,1,silu,full,5,416,0.94,1.18,24.9,40.2,7.8,25.6,39.9,1.34,0.88,80.9,919.3,1,0.1311,0.0346,51cacab,2026-10-06T23:33:40+00:00,2026-10-07T06:31:17+00:00,0.4,True
relu_dfull_k5_s416,relu_dfull_k5,relu_dfull_k5,False,1,relu,full,5,416,0.94,1.18,19.6,33.4,5.3,19.6,33.0,1.34,0.88,84.8,912.8,1,0.1302,0.0363,51cacab,2026-10-07T00:35:06+00:00,2026-10-07T06:48:17+00:00,-4.9,False
hardswish_dfull_k5_s416,hardswish_dfull_k5,hardswish_dfull_k5,False,1,hardswish,full,5,416,0.94,1.18,23.5,38.7,8.2,24.1,38.1,1.33,0.86,80.1,936.2,1,0.1335,0.0343,51cacab,2026-10-07T01:36:51+00:00,2026-10-07T07:05:35+00:00,-1.0,True
silu_dreduced_k3_s512,silu_dreduced_k3,silu_dreduced_k3,False,1,silu,reduced,3,512,0.9,1.64,24.2,39.8,10.1,26.2,34.7,2.02,0.9,94.7,918.2,1,0.1309,0.0405,51cacab,2026-10-06T23:48:58+00:00,2026-10-07T06:36:57+00:00,-1.5,False
relu_dreduced_k3_s512,relu_dreduced_k3,relu_dreduced_k3,False,1,relu,reduced,3,512,0.9,1.64,18.5,32.6,6.6,19.4,27.8,2.05,0.93,103.8,921.5,1,0.1314,0.0444,51cacab,2026-10-07T00:50:28+00:00,2026-10-07T06:54:29+00:00,-7.2,False
hardswish_dreduced_k3_s512,hardswish_dreduced_k3,hardswish_dreduced_k3,False,1,hardswish,reduced,3,512,0.9,1.64,22.8,38.2,9.0,24.9,33.0,1.92,0.94,95.1,946.6,1,0.135,0.0407,51cacab,2026-10-07T01:52:37+00:00,2026-10-07T07:11:16+00:00,-2.9,False
silu_dfull_k3_s512,silu_dfull_k3,silu_dfull_k3,True,1,silu,full,3,512,0.91,1.69,25.7,41.8,10.1,27.9,37.0,1.96,0.94,92.7,940.0,1,0.134,0.0397,51cacab,2026-10-06T23:05:11+00:00,2026-10-07T06:28:46+00:00,0.0,True
relu_dfull_k3_s512,relu_dfull_k3,relu_dfull_k3,False,1,relu,full,3,512,0.91,1.69,20.2,34.9,7.5,21.6,29.6,2.09,0.95,100.0,928.1,1,0.1323,0.0428,51cacab,2026-10-07T00:19:53+00:00,2026-10-07T06:45:38+00:00,-5.5,False
hardswish_dfull_k3_s512,hardswish_dfull_k3,hardswish_dfull_k3,False,1,hardswish,full,3,512,0.91,1.69,24.7,40.9,10.0,26.7,35.9,2.07,0.91,95.5,936.1,1,0.1335,0.0409,51cacab,2026-10-07T01:21:14+00:00,2026-10-07T07:03:05+00:00,-1.0,True
silu_dreduced_k5_s512,silu_dreduced_k5,silu_dreduced_k5,False,1,silu,reduced,5,512,0.93,1.74,24.7,40.4,9.6,26.5,35.7,2.1,0.91,96.8,926.2,1,0.1321,0.0414,51cacab,2026-10-07T00:04:25+00:00,2026-10-07T06:41:12+00:00,-1.0,True
relu_dreduced_k5_s512,relu_dreduced_k5,relu_dreduced_k5,False,1,relu,reduced,5,512,0.93,1.74,19.6,33.7,6.5,20.3,29.8,2.0,0.95,100.1,910.3,1,0.1298,0.0428,51cacab,2026-10-07T01:05:38+00:00,2026-10-07T06:58:56+00:00,-6.1,False
hardswish_dreduced_k5_s512,hardswish_dreduced_k5,hardswish_dreduced_k5,False,1,hardswish,reduced,5,512,0.93,1.74,23.8,39.5,9.5,25.4,35.2,1.98,0.92,95.7,923.8,1,0.1317,0.0409,51cacab,2026-10-07T02:08:01+00:00,2026-10-07T07:15:27+00:00,-1.9,False
silu_dfull_k5_s512,silu_dfull_k5,silu_dfull_k5,False,1,silu,full,5,512,0.94,1.79,26.2,42.4,10.1,28.1,38.2,2.04,0.93,90.5,919.3,1,0.1311,0.0387,51cacab,2026-10-06T23:33:40+00:00,2026-10-07T06:32:48+00:00,0.5,True
relu_dfull_k5_s512,relu_dfull_k5,relu_dfull_k5,False,1,relu,full,5,512,0.94,1.79,21.3,36.1,7.3,22.2,32.4,2.02,0.97,99.3,912.8,1,0.1302,0.0425,51cacab,2026-10-07T00:35:06+00:00,2026-10-07T06:49:57+00:00,-4.4,False
hardswish_dfull_k5_s512,hardswish_dfull_k5,hardswish_dfull_k5,False,1,hardswish,full,5,512,0.94,1.79,25.0,41.1,10.8,26.5,36.7,2.03,0.93,91.7,936.2,1,0.1335,0.0392,51cacab,2026-10-07T01:36:51+00:00,2026-10-07T07:07:07+00:00,-0.7,True
